,AAPL,AMZN,META,MSFT,NVDA
2024-01-02,183.56216430664062,149.92999267578125,343.5936279296875,363.80145263671875,48.138572692871094
2024-01-03,182.187744140625,148.47000122070312,341.787841796875,363.5366516113281,47.53993606567383
2024-01-04,179.8739471435547,144.57000732421875,344.4171447753906,360.9273376464844,47.96867752075195
2024-01-05,179.152099609375,145.24000549316406,349.2095642089844,360.740966796875,49.0670051574707
2024-01-08,183.4830780029297,149.10000610351562,355.8674011230469,367.5486755371094,52.22107696533203
2024-01-09,183.06777954101562,151.3699951171875,354.64691162109375,368.6277770996094,53.10753631591797
2024-01-10,184.10604858398438,153.72999572753906,367.5853576660156,375.4747314453125,54.31679916381836
2024-01-11,183.51275634765625,155.17999267578125,366.7916259765625,377.29925537109375,54.78850173950195
2024-01-12,183.83905029296875,154.6199951171875,371.57403564453125,381.06610107421875,54.67657470703125
2024-01-16,181.57469177246094,153.16000366210938,364.59881591796875,382.8317565917969,56.347557067871094
2024-01-17,180.6352996826172,151.7100067138672,365.5017395019531,382.0469665527344,56.01876449584961
2024-01-18,186.5187225341797,153.5,373.20135498046875,386.3631286621094,57.072113037109375
2024-01-19,189.41592407226562,155.33999633789062,380.46435546875,391.0716857910156,59.45466232299805
2024-01-22,191.7198486328125,154.77999877929688,378.80731201171875,388.95281982421875,59.61756134033203
2024-01-23,192.9954071044922,156.02000427246094,382.20068359375,391.2972717285156,59.836421966552734
2024-01-24,192.3230438232422,156.8699951171875,387.65789794921875,394.8874816894531,61.32451629638672
2024-01-25,191.99671936035156,157.75,390.1185302734375,397.15350341796875,61.57935333251953
2024-01-26,190.26629638671875,159.1199951171875,391.0711364746094,396.23138427734375,60.99371337890625
2024-01-29,189.58401489257812,161.25999450683594,397.89752197265625,401.91107177734375,62.42683792114258
2024-01-30,185.93531799316406,159.0,396.94500732421875,400.8025817871094,62.73564910888672
2024-01-31,182.3360595703125,155.1999969482422,387.10223388671875,390.00238037109375,61.489418029785156
2024-02-01,184.76852416992188,159.27999877929688,391.70611572265625,396.08428955078125,62.98849868774414
2024-02-02,183.76983642578125,171.80999755859375,471.2915344238281,403.3824768066406,66.11958312988281
2024-02-05,185.57933044433594,170.30999755859375,455.8328552246094,397.91864013671875,69.28964233398438
2024-02-06,187.1812286376953,169.14999389648438,451.1794128417969,397.76165771484375,68.18132781982422
2024-02-07,187.2899932861328,170.52999877929688,465.9336242675781,406.15850830078125,70.05618286132812
2024-02-08,186.2122039794922,169.83999633789062,466.34039306640625,406.2174072265625,69.59845733642578
2024-02-09,186.9745330810547,174.4499969482422,464.4651184082031,412.53460693359375,72.08894348144531
2024-02-12,185.29141235351562,172.33999633789062,465.24896240234375,407.3454895019531,72.203857421875
2024-02-13,183.20236206054688,168.63999938964844,456.5373229980469,398.5758972167969,72.08394622802734
2024-02-14,182.32119750976562,170.97999572753906,469.5948181152344,402.4282531738281,73.8548583984375
2024-02-15,182.03407287597656,169.8000030517578,480.2611389160156,399.548828125,72.61360931396484
2024-02-16,180.49949645996094,169.50999450683594,469.6345520019531,397.0919494628906,72.56864166259766
2024-02-20,179.75692749023438,167.0800018310547,468.0767822265625,395.84381103515625,69.40957641601562
2024-02-21,180.5093994140625,168.58999633789062,464.87847900390625,395.2442626953125,67.43079376220703
2024-02-22,182.5390625,174.5800018310547,482.8565979003906,404.5509948730469,78.49002075195312
2024-02-23,180.70741271972656,174.99000549316406,480.7707214355469,403.26361083984375,78.76885223388672
2024-02-26,179.36093139648438,174.72999572753906,478.49609375,400.5118408203125,79.04369354248047
2024-02-27,180.81629943847656,173.5399932861328,483.7703857421875,400.45294189453125,78.65291595458984
2024-02-28,179.61831665039062,173.16000366210938,480.7607727050781,400.68878173828125,77.61556243896484
2024-02-29,178.95497131347656,176.75999450683594,486.8296813964844,406.50665283203125,79.06368255615234
2024-03-01,177.8758087158203,178.22000122070312,498.91766357421875,408.3345947265625,82.22872924804688
2024-03-04,173.36109924316406,177.5800018310547,494.8353576660156,407.7646484375,85.18492126464844
2024-03-05,168.43052673339844,174.1199951171875,486.9190368652344,395.70623779296875,85.91551971435547
2024-03-06,167.4404754638672,173.50999450683594,492.74951171875,395.1558837890625,88.64997100830078
2024-03-07,167.32167053222656,176.82000732421875,508.7410888671875,402.08428955078125,92.61673736572266
2024-03-08,169.03451538085938,175.35000610351562,502.54315185546875,399.21466064453125,87.47863006591797
2024-03-11,171.034423828125,171.9600067138672,480.33367919921875,397.5439758300781,85.72561645507812
2024-03-12,171.50965881347656,175.38999938964844,496.3848876953125,408.1184387207031,91.86116790771484
2024-03-13,169.43052673339844,176.55999755859375,492.2330017089844,407.9414978027344,90.83673858642578
2024-03-14,171.28196716308594,178.75,488.51824951171875,417.88702392578125,87.89440155029297
2024-03-15,170.90570068359375,174.4199981689453,480.84027099609375,409.2387390136719,87.78746032714844
2024-03-18,171.99478149414062,174.47999572753906,493.633544921875,410.12322998046875,88.40512084960938
2024-03-19,174.33135986328125,175.89999389648438,492.89849853515625,414.1426696777344,89.34757995605469
2024-03-20,176.89564514160156,178.14999389648438,502.11602783203125,417.89678955078125,90.32102966308594
2024-03-21,169.66810607910156,178.14999389648438,504.3409729003906,421.96539306640625,91.3834228515625
2024-03-22,170.569091796875,178.8699951171875,506.1487121582031,421.3462829589844,94.23580932617188
2024-03-25,169.1533203125,179.7100067138672,499.6328430175781,415.56768798828125,94.94841003417969
2024-03-26,168.0246124267578,178.3000030517578,492.5508728027344,414.3785400390625,92.50879669189453
2024-03-27,171.58885192871094,179.8300018310547,490.5345153808594,414.1623229980469,90.19910430908203
2024-03-28,169.7770538330078,180.3800048828125,482.3102722167969,413.4645690917969,90.30504608154297
2024-04-01,168.3414306640625,180.97000122070312,488.0414123535156,417.24822998046875,90.31202697753906
2024-04-02,167.1632537841797,180.69000244140625,494.0209045410156,414.1721496582031,89.40155792236328
2024-04-03,167.9652099609375,182.41000366210938,503.3277893066406,413.1992492675781,88.91382598876953
2024-04-04,167.14346313476562,180.0,507.4796447753906,410.673583984375,85.85652923583984
2024-04-05,167.89590454101562,185.07000732421875,523.7891235351562,418.1817626953125,87.95836639404297
2024-04-08,166.77713012695312,185.19000244140625,515.7535400390625,417.26788330078125,87.08385467529297
2024-04-09,167.9850311279297,185.6699981689453,513.41943359375,418.9287414550781,85.30584716796875
2024-04-10,166.11376953125,185.9499969482422,516.3296508789062,415.9607849121094,86.98991394042969
2024-04-11,173.3016815185547,189.0500030517578,519.63720703125,420.55023193359375,90.56489562988281
2024-04-12,174.7966766357422,186.1300048828125,508.45306396484375,414.6242370605469,88.13626098632812
2024-04-15,170.9750213623047,183.6199951171875,496.8616638183594,406.50665283203125,85.95248413085938
2024-04-16,167.69789123535156,183.32000732421875,496.39483642578125,407.43048095703125,87.36568450927734
2024-04-17,166.33160400390625,181.27999877929688,490.8424987792969,404.7377624511719,83.98760223388672
2024-04-18,165.38111877441406,179.22000122070312,498.4210510253906,397.2982482910156,84.62322998046875
2024-04-19,163.3614044189453,174.6300048828125,477.8306579589844,392.2370910644531,76.15702056884766
2024-04-22,164.1930389404297,177.22999572753906,478.48626708984375,394.04534912109375,79.47314453125
2024-04-23,165.24252319335938,179.5399932861328,492.7594299316406,400.5413513183594,82.37650299072266
2024-04-24,167.3414764404297,176.58999633789062,490.17694091796875,402.0056457519531,79.63206481933594
2024-04-25,168.2028350830078,173.6699981689453,438.4079284667969,392.1584777832031,82.58540344238281
2024-04-26,167.61866760253906,179.6199951171875,440.3050537109375,399.3129577636719,87.6855239868164
2024-04-29,171.7769775390625,180.9600067138672,429.7069091796875,395.3131103515625,87.70751953125
2024-04-30,168.63845825195312,175.0,427.2734069824219,382.6159362792969,86.353271484375
2024-05-01,167.61866760253906,179.0,436.2326354980469,388.1291809082031,82.99415588378906
2024-05-02,171.3116455078125,184.72000122070312,438.7059326171875,390.9792175292969,85.76859283447266
2024-05-03,181.55885314941406,186.2100067138672,448.91668701171875,399.6470947265625,88.7389144897461
2024-05-06,179.90545654296875,188.6999969482422,462.5442810058594,406.40838623046875,92.08802795410156
2024-05-07,180.58856201171875,188.75999450683594,465.0870361328125,402.28082275390625,90.50292205810547
2024-05-08,180.92523193359375,188.0,469.4176940917969,403.46014404296875,90.36101531982422
2024-05-09,182.737060546875,189.5,472.2187194824219,405.20947265625,88.69695281982422
2024-05-10,181.47796630859375,187.47999572753906,472.9934997558594,407.5877380371094,89.82730865478516
2024-05-13,184.6802215576172,186.57000732421875,464.858642578125,406.5853271484375,90.34801483154297
2024-05-14,185.82032775878906,187.07000732421875,468.6727294921875,409.3763427734375,91.30448150634766
2024-05-15,188.09068298339844,185.99000549316406,478.2975158691406,416.5338134765625,94.5766372680664
2024-05-16,188.20962524414062,183.6300048828125,470.0434265136719,414.4761657714844,94.3057861328125
2024-05-17,188.2393798828125,184.6999969482422,468.7323303222656,413.708251953125,92.42683410644531
2024-05-20,189.3993377685547,183.5399932861328,465.6829833984375,418.7589111328125,94.7265396118164
2024-05-21,190.6980743408203,183.14999389648438,461.5013732910156,422.40167236328125,95.33219909667969
2024-05-22,189.2605438232422,183.1300048828125,464.6300964355469,423.85870361328125,94.89644622802734
2024-05-23,185.27508544921875,181.0500030517578,462.6435852050781,420.3931884765625,103.74046325683594
2024-05-24,188.3484344482422,180.75,474.9998474121094,423.5043029785156,106.40895080566406
2024-05-28,188.3583526611328,182.14999389648438,476.68841552734375,423.661865234375,113.83675384521484
2024-05-29,188.65577697753906,182.02000427246094,471.1658020019531,422.5296325683594,114.7602310180664
2024-05-30,189.64718627929688,179.32000732421875,463.9050598144531,408.2540283203125,110.43767547607422
2024-05-31,190.59893798828125,176.44000244140625,463.6865234375,408.7068786621094,109.57115173339844
2024-06-03,192.36366271972656,178.33999633789062,474.2747497558594,407.12176513671875,114.93512725830078
2024-06-04,192.68092346191406,179.33999633789062,473.77813720703125,409.63232421875,116.37132263183594
2024-06-05,194.18785095214844,181.27999877929688,491.7264709472656,417.4494934082031,122.37094116210938
2024-06-06,192.80978393554688,185.0,490.43524169921875,417.95159912109375,120.92974853515625
2024-06-07,195.19912719726562,184.3000030517578,489.6405944824219,417.29193115234375,120.81981658935547
2024-06-10,191.46148681640625,187.05999755859375,499.2156982421875,421.249755859375,121.72130584716797
2024-06-11,205.3709716796875,187.22999572753906,504.0528869628906,425.9853210449219,120.85173034667969
2024-06-12,211.2401580810547,186.88999938964844,505.41363525390625,434.23565673828125,125.13966369628906
2024-06-13,212.40008544921875,183.8300018310547,500.7055969238281,434.7475891113281,129.5475311279297
2024-06-14,210.66513061523438,183.66000366210938,501.26239013671875,435.7222900390625,131.8164520263672
2024-06-17,214.80921936035156,184.05999755859375,503.71820068359375,441.4324645996094,130.91688537597656
2024-06-18,212.4496612548828,182.80999755859375,496.61920166015625,439.4339904785156,135.51466369628906
2024-06-20,207.87925720214844,186.10000610351562,498.8165283203125,438.8038330078125,130.71697998046875
2024-06-21,205.70806884765625,189.0800018310547,491.936279296875,442.82073974609375,126.50900268554688
2024-06-24,206.35247802734375,185.57000732421875,496.0425109863281,440.743408203125,118.05306243896484
2024-06-25,207.27450561523438,186.33999633789062,507.66534423828125,443.9726257324219,126.02922058105469
2024-06-26,211.4185791015625,193.61000061035156,510.1708679199219,445.1639404296875,126.3390884399414
2024-06-27,212.26129150390625,197.85000610351562,516.5737915039062,445.84320068359375,123.93025207519531
2024-06-28,208.8111572265625,193.25,501.322021484375,440.0345153808594,123.48046875
2024-07-01,214.88853454589844,197.1999969482422,501.7793884277344,449.6632080078125,124.24010467529297
2024-07-02,218.37832641601562,200.0,506.57171630859375,452.1737365722656,122.61087799072266
2024-07-03,219.64732360839844,197.58999633789062,507.02899169921875,453.64068603515625,128.21817016601562
2024-07-05,224.39617919921875,200.0,536.806884765625,460.32562255859375,125.76936340332031
2024-07-08,225.86346435546875,199.2899932861328,526.27783203125,459.0260314941406,128.13819885253906
2024-07-09,226.716064453125,199.33999633789062,526.9539184570312,452.4297180175781,131.3166961669922
2024-07-10,230.97914123535156,199.7899932861328,531.6168823242188,459.035888671875,134.84500122070312
2024-07-11,225.61561584472656,195.0500030517578,509.7532958984375,447.6646423339844,127.33860778808594
2024-07-12,228.56008911132812,194.49000549316406,496.00274658203125,446.5323791503906,129.177734375
2024-07-15,232.38697814941406,192.72000122070312,493.308349609375,446.93603515625,128.3781280517578
2024-07-16,232.80332946777344,193.02000427246094,486.9750061035156,442.564697265625,126.29910278320312
2024-07-17,226.91436767578125,187.92999267578125,459.3347473144531,436.6575622558594,117.93313598632812
2024-07-18,222.25473022460938,183.75,473.11505126953125,433.55633544921875,121.0316390991211
2024-07-19,222.3836212158203,183.1300048828125,474.0496520996094,430.3467712402344,117.8731689453125
2024-07-22,222.03663635253906,182.5500030517578,484.5987243652344,436.0865478515625,123.48046875
2024-07-23,223.07760620117188,186.41000366210938,485.8813171386719,437.967041015625,122.53091430664062
2024-07-24,216.6631622314453,180.8300018310547,458.6188659667969,422.2637939453125,114.1949462890625
2024-07-25,215.6221923828125,179.85000610351562,450.8040466308594,411.9263000488281,112.22588348388672
2024-07-26,216.08815002441406,182.5,463.0234375,418.6899719238281,113.00550842285156
2024-07-29,216.36575317382812,183.1999969482422,463.0333557128906,420.12738037109375,111.53621673583984
2024-07-30,216.92092895507812,181.7100067138672,460.5278625488281,416.3763732910156,103.68001556396484
2024-07-31,220.17274475097656,186.97999572753906,472.1009216308594,411.8771057128906,116.96359252929688
2024-08-01,216.4846954345703,184.07000732421875,494.8792724609375,410.6562194824219,109.15736389160156
2024-08-02,217.97181701660156,167.89999389648438,485.3344421386719,402.1695861816406,107.21829986572266
2024-08-05,207.47279357910156,161.02000427246094,472.99578857421875,389.0360107421875,100.4015884399414
2024-08-06,205.4502716064453,161.92999267578125,491.250244140625,393.427001953125,104.19976806640625
2024-08-07,208.01803588867188,162.77000427246094,486.1099853515625,392.2652587890625,98.86235046386719
2024-08-08,211.47808837890625,165.8000030517578,506.700927734375,396.4593505859375,104.91941833496094
2024-08-09,214.38291931152344,166.94000244140625,514.7941284179688,399.73779296875,104.69951629638672
2024-08-12,215.91146850585938,166.8000030517578,512.984619140625,400.51556396484375,108.96746826171875
2024-08-13,219.62364196777344,170.22999572753906,525.502197265625,407.6041564941406,116.08402252197266
2024-08-14,220.07028198242188,170.10000610351562,523.7324829101562,410.41009521484375,118.02310943603516
2024-08-15,223.0479736328125,177.58999633789062,534.24169921875,415.2626953125,122.80079650878906
2024-08-16,224.36807250976562,177.05999755859375,524.388671875,412.73779296875,124.51995849609375
2024-08-19,224.20925903320312,178.22000122070312,526.238037109375,415.755859375,129.93734741210938
2024-08-20,224.82464599609375,178.8800048828125,523.7026977539062,418.98101806640625,127.18868255615234
2024-08-21,224.71546936035156,180.11000061035156,532.084228515625,418.3301086425781,128.43804931640625
2024-08-22,222.859375,176.1300048828125,528.872802734375,409.85772705078125,123.68035888671875
2024-08-23,225.15220642089844,177.0399932861328,524.9653930664062,411.080810546875,129.30763244628906
2024-08-26,225.48963928222656,175.5,518.1248779296875,407.8259582519531,126.39906311035156
2024-08-27,226.3333282470703,173.1199951171875,516.1165161132812,408.1711730957031,128.23817443847656
2024-08-28,224.8048095703125,170.8000030517578,513.8099365234375,404.9755859375,125.54946899414062
2024-08-29,228.0802459716797,172.1199951171875,515.2415161132812,407.4610290527344,117.53331756591797
2024-08-30,227.29611206054688,178.5,518.3137817382812,411.4259948730469,119.31246948242188
2024-09-03,221.11248779296875,176.25,508.81866455078125,403.8314514160156,107.94795227050781
2024-09-04,219.20675659179688,173.3300018310547,509.7930603027344,403.2988586425781,106.1588134765625
2024-09-05,220.7253875732422,177.88999938964844,513.8893432617188,402.7958679199219,107.15834045410156
2024-09-06,219.17697143554688,171.38999938964844,497.39471435546875,396.1974792480469,102.78044128417969
2024-09-09,219.26634216308594,175.39999389648438,501.8887634277344,400.1624450683594,106.41869354248047
2024-09-10,218.47227478027344,179.5500030517578,501.8887634277344,408.52630615234375,108.04789733886719
2024-09-11,221.00332641601562,184.52000427246094,508.8883056640625,417.2451477050781,116.8536605834961
2024-09-12,221.11248779296875,187.0,522.5791625976562,421.15093994140625,119.0927734375
2024-09-13,220.844482421875,186.49000549316406,521.6047973632812,424.6917419433594,119.05278015136719
2024-09-16,214.71046447753906,184.88999938964844,530.720947265625,425.43145751953125,116.73370361328125
2024-09-17,215.1769561767578,186.8800048828125,533.7462158203125,429.18927001953125,115.54417419433594
2024-09-18,219.04794311523438,186.42999267578125,535.368408203125,424.9087219238281,113.3250503540039
2024-09-19,227.16709899902344,189.8699951171875,556.4169311523438,432.6807556152344,117.82327270507812
2024-09-20,226.5020751953125,191.60000610351562,558.6560668945312,429.3076477050781,115.95401763916016
2024-09-23,224.78492736816406,193.8800048828125,561.701416015625,427.57177734375,116.21391296386719
2024-09-24,225.67825317382812,193.9600067138672,560.6266479492188,423.29119873046875,120.82209014892578
2024-09-25,224.6856689453125,192.52999877929688,565.582763671875,426.1908874511719,123.4610366821289
2024-09-26,225.8271484375,191.16000366210938,565.1150512695312,425.4018859863281,123.99082946777344
2024-09-27,226.0951385498047,187.97000122070312,564.6372680664062,422.1569519042969,121.35187530517578
2024-09-30,231.266357421875,186.3300018310547,569.6929321289062,424.4056701660156,121.39186096191406
2024-10-01,224.52688598632812,185.1300048828125,573.7035522460938,414.9273681640625,116.95362854003906
2024-10-02,225.09262084960938,184.75999450683594,570.0611572265625,411.4161376953125,118.8028793334961
2024-10-03,223.9908905029297,181.9600067138672,579.973388671875,410.83416748046875,122.80130004882812
2024-10-04,225.1125030517578,186.50999450683594,593.080078125,410.36077880859375,124.87047576904297
2024-10-07,220.04052734375,180.8000030517578,581.9736328125,403.93011474609375,127.66936492919922
2024-10-08,224.09014892578125,182.72000122070312,590.0447998046875,409.0292663574219,132.83731079101562
2024-10-09,227.83209228515625,185.1699981689453,587.6762084960938,411.7416076660156,132.59739685058594
2024-10-10,227.33580017089844,186.64999389648438,581.0281982421875,410.143798828125,134.7565460205078
2024-10-11,225.85690307617188,188.82000732421875,587.1189575195312,410.61724853515625,134.74656677246094
2024-10-14,229.5790252685547,187.5399932861328,587.5866088867188,413.39862060546875,138.01527404785156
2024-10-15,232.1100311279297,187.69000244140625,583.45654296875,413.0040283203125,131.54783630371094
2024-10-16,230.05540466308594,186.88999938964844,574.0220947265625,410.4199523925781,135.66619873046875
2024-10-17,230.42269897460938,187.52999877929688,574.161376953125,411.0117492675781,136.87571716308594
2024-10-18,233.25149536132812,188.99000549316406,573.7035522460938,412.4320068359375,137.94529724121094
2024-10-21,234.720458984375,189.07000732421875,572.3997802734375,413.0434875488281,143.6530303955078
2024-10-22,234.10508728027344,189.6999969482422,579.2169799804688,421.6539611816406,143.53309631347656
2024-10-23,229.04302978515625,184.7100067138672,560.98486328125,418.7838134765625,139.50466918945312
2024-10-24,228.8544158935547,186.3800048828125,565.0552978515625,418.91204833984375,140.35433959960938
2024-10-25,229.6881866455078,187.8300018310547,570.4989624023438,422.28515625,141.48388671875
2024-10-28,231.66339111328125,188.38999938964844,575.385498046875,420.74652099609375,140.4643096923828
2024-10-29,231.931396484375,190.8300018310547,590.4329223632812,426.0331115722656,141.19400024414062
2024-10-30,228.387939453125,192.72999572753906,588.9599609375,426.6051940917969,139.28475952148438
2024-10-31,224.22911071777344,186.39999389648438,564.856201171875,400.78375244140625,132.70738220214844
2024-11-01,221.25144958496094,197.92999267578125,564.4381713867188,404.74871826171875,135.34632873535156
2024-11-04,220.35812377929688,195.77999877929688,557.9893188476562,402.8648376464844,135.99607849121094
2024-11-05,221.78741455078125,199.5,569.6829223632812,405.82373046875,139.8545379638672
2024-11-06,221.06285095214844,207.08999633789062,569.3046875,414.42431640625,145.55227661132812
2024-11-07,225.7874298095703,210.0500030517578,588.8604736328125,419.6024169921875,148.8209991455078
2024-11-08,225.51913452148438,208.17999267578125,586.5117797851562,416.7520446777344,147.57147216796875
2024-11-11,222.8064727783203,206.83999633789062,580.3714599609375,412.28411865234375,145.202392578125
2024-11-12,222.8064727783203,208.91000366210938,582.0135498046875,417.2353515625,148.23118591308594
2024-11-13,223.69081115722656,214.10000610351562,577.2166137695312,419.3755798339844,146.21202087402344
2024-11-14,226.77114868164062,211.47999572753906,574.3902587890625,421.04241943359375,146.70181274414062
2024-11-15,223.5715789794922,202.61000061035156,551.4210815429688,409.3152770996094,141.9237060546875
2024-11-18,226.57241821289062,201.6999969482422,551.739501953125,410.06494140625,140.09442138671875
2024-11-19,226.8307647705078,204.61000061035156,558.3975219726562,412.06707763671875,146.95172119140625
2024-11-20,227.54620361328125,202.8800048828125,562.80615234375,409.7986145019531,145.83216857910156
2024-11-21,227.06924438476562,198.3800048828125,560.3878173828125,408.0295715332031,146.6118621826172
2024-11-22,228.41065979003906,197.1199951171875,556.4567260742188,412.11114501953125,141.8937225341797
2024-11-25,231.39163208007812,201.4499969482422,562.3980102539062,413.8801574707031,135.96609497070312
2024-11-26,233.56773376464844,207.86000061035156,570.7875366210938,422.9722595214844,136.86572265625
2024-11-27,233.4385528564453,205.74000549316406,566.468505859375,418.0309143066406,135.2863311767578
2024-11-29,235.8233184814453,207.88999938964844,571.5638427734375,418.4954528808594,138.19520568847656
2024-12-02,238.06893920898438,210.7100067138672,589.9849853515625,425.9272766113281,138.5750274658203
2024-12-03,241.10952758789062,213.44000244140625,610.7051391601562,426.14471435546875,140.20440673828125
2024-12-04,241.46722412109375,218.16000366210938,610.83447265625,432.291748046875,145.0824737548828
2024-12-05,241.49705505371094,220.5500030517578,606.0077514648438,437.4308166503906,145.0124969482422
2024-12-06,241.29833984375,227.02999877929688,620.776611328125,438.3696594238281,142.39334106445312
2024-12-09,245.18350219726562,226.08999633789062,610.62548828125,440.79095458984375,138.7645263671875
2024-12-10,246.19703674316406,225.0399932861328,616.3479614257812,438.1324462890625,135.0257568359375
2024-12-11,244.92515563964844,230.25999450683594,629.6437377929688,443.7261047363281,139.2643585205078
2024-12-12,246.3858184814453,228.97000122070312,627.7628173828125,444.2893981933594,137.29501342773438
2024-12-13,246.55474853515625,227.4600067138672,617.3729858398438,442.0262451171875,134.20602416992188
2024-12-16,249.44627380371094,232.92999267578125,621.7454833984375,446.295654296875,131.95675659179688
2024-12-17,251.87075805664062,231.14999389648438,616.964599609375,449.1319885253906,130.3472900390625
2024-12-18,246.4752655029297,220.52000427246094,594.8035888671875,432.2621154785156,128.86778259277344
2024-12-19,248.20419311523438,223.2899932861328,593.18994140625,431.90631103515625,130.63717651367188
2024-12-20,252.8743896484375,224.9199981689453,582.9113159179688,431.4813537597656,134.65586853027344
2024-12-23,253.6494140625,225.05999755859375,597.4527587890625,430.1471862792969,139.62425231933594
2024-12-24,256.5608215332031,229.0500030517578,605.3213500976562,434.1793518066406,140.17408752441406
2024-12-26,257.3755798339844,227.0500030517578,600.9389038085938,432.9736328125,139.88417053222656
2024-12-27,253.96739196777344,223.75,597.4130859375,425.4825439453125,136.96511840820312
2024-12-30,250.59890747070312,221.3000030517578,588.8772583007812,419.849365234375,137.44496154785156
2024-12-31,248.83021545410156,219.38999938964844,583.170166015625,416.5583801269531,134.2460174560547
2025-01-02,242.30194091796875,220.22000122070312,596.8453369140625,413.672607421875,138.26470947265625
2025-01-03,241.8150177001953,224.19000244140625,602.2137451171875,418.3866882324219,144.4226837158203
2025-01-06,243.44461059570312,227.61000061035156,627.6815795898438,422.83392333984375,149.38104248046875
2025-01-07,240.67234802246094,222.11000061035156,615.4208374023438,417.418212890625,140.09408569335938
2025-01-08,241.15921020507812,222.1300048828125,608.2794189453125,419.5825500488281,140.06410217285156
2025-01-10,235.3463592529297,218.94000244140625,613.3988647460938,414.0382995605469,135.86549377441406
2025-01-13,232.9119110107422,218.4600067138672,605.8989868164062,412.2989196777344,133.18637084960938
2025-01-14,231.79901123046875,217.75999450683594,591.8753051757812,410.7967529296875,131.71682739257812
2025-01-15,236.35987854003906,223.35000610351562,614.65380859375,421.31201171875,136.1953887939453
2025-01-16,226.81088256835938,220.66000366210938,608.857177734375,419.6022644042969,133.52626037597656
2025-01-17,228.5199737548828,225.94000244140625,610.3212280273438,424.0001220703125,137.66490173339844
2025-01-21,221.22657775878906,230.7100067138672,613.99658203125,423.476318359375,140.78387451171875
2025-01-22,222.4090118408203,235.00999450683594,621.0083618164062,440.9688415527344,147.0218505859375
2025-01-23,222.24008178710938,235.4199981689453,633.9066772460938,441.47283935546875,147.17178344726562
2025-01-24,221.3656768798828,234.85000610351562,644.9025268554688,438.8539123535156,142.57327270507812
2025-01-27,228.40072631835938,235.4199981689453,657.2431030273438,429.4653015136719,118.3812026977539
2025-01-28,236.7473907470703,238.14999389648438,671.6351928710938,441.95709228515625,128.94776916503906
2025-01-29,237.84043884277344,237.07000732421875,673.78662109375,437.1441650390625,123.65948486328125
2025-01-30,236.0816650390625,234.63999938964844,684.254638671875,410.1247253417969,124.60917663574219
2025-01-31,234.50173950195312,237.67999267578125,686.4259033203125,410.19390869140625,120.03067016601562
2025-02-03,226.56246948242188,237.4199981689453,694.6728515625,406.10247802734375,116.62179565429688
2025-02-04,231.3220672607422,242.05999755859375,701.3759155273438,407.535400390625,118.61112976074219
2025-02-05,230.99415588378906,236.1699981689453,702.05322265625,408.44464111328125,124.78911590576172
2025-02-06,231.73941040039062,238.8300018310547,709.144775390625,410.9449768066406,128.63784790039062
2025-02-07,226.1848907470703,229.14999389648438,711.6646118164062,404.9461364746094,129.79745483398438
2025-02-10,226.45346069335938,233.13999938964844,714.5331420898438,407.38720703125,133.52626037597656
2025-02-11,231.3973388671875,232.75999450683594,716.9235229492188,406.6163635253906,132.7565155029297
2025-02-12,235.62501525878906,228.92999267578125,722.481201171875,404.24444580078125,131.09706115722656
2025-02-13,240.26052856445312,230.3699951171875,725.6485595703125,405.72686767578125,135.2456817626953
2025-02-14,243.3143768310547,228.67999267578125,733.72607421875,403.64166259765625,138.80453491210938
2025-02-18,243.18507385253906,226.64999389648438,713.5072021484375,404.8374328613281,139.35435485839844
2025-02-19,243.5829620361328,226.6300048828125,700.9575805664062,409.90728759765625,139.18438720703125
2025-02-20,244.5379180908203,222.8800048828125,692.0632934570312,412.075927734375,140.06410217285156
2025-02-21,244.2593994140625,216.5800018310547,680.818359375,404.2331237792969,134.38595581054688
2025-02-24,245.80123901367188,212.7100067138672,665.4600830078125,400.06414794921875,130.23733520507812
2025-02-25,245.7415313720703,212.8000030517578,654.8724975585938,394.0235595703125,126.5885238647461
2025-02-26,239.0966796875,214.35000610351562,671.0078125,395.83575439453125,131.23699951171875
2025-02-27,236.05274963378906,208.74000549316406,655.6095581054688,388.70587158203125,120.11065673828125
2025-02-28,240.5688934326172,212.27999877929688,665.52978515625,393.1224060058594,124.87908172607422
2025-03-03,236.77890014648438,205.02000427246094,652.4322509765625,384.7052001953125,114.02263641357422
2025-03-04,234.68994140625,203.8000030517578,637.4425048828125,384.82403564453125,115.9520034790039
2025-03-05,234.5009307861328,208.36000061035156,653.8464965820312,397.1131286621094,117.2615737915039
2025-03-06,234.09310913085938,200.6999969482422,625.420654296875,393.0234375,110.53378295898438
2025-03-07,237.81344604492188,199.25,623.1597290039062,389.4783020019531,112.65309143066406
2025-03-10,226.28436279296875,194.5399932861328,595.600341796875,376.4563903808594,106.94496154785156
2025-03-11,219.67926025390625,196.58999633789062,603.2894287109375,376.74359130859375,108.72438049316406
2025-03-12,215.8395538330078,198.88999938964844,617.0841064453125,379.53607177734375,115.71273803710938
2025-03-13,208.5779266357422,193.88999938964844,588.2796630859375,375.0799255371094,115.55277252197266
2025-03-14,212.36790466308594,197.9499969482422,605.7103271484375,384.7745361328125,121.6413345336914
2025-03-17,212.87522888183594,195.74000549316406,603.0187377929688,384.9132385253906,119.50183868408203
2025-03-18,211.57211303710938,192.82000732421875,580.5487060546875,379.7836608886719,115.40280151367188
2025-03-19,214.10870361328125,195.5399932861328,582.2435913085938,384.0417785644531,117.4923095703125
2025-03-20,212.97470092773438,194.9499969482422,584.177490234375,383.0713195800781,118.50206756591797
2025-03-21,217.12277221679688,196.2100067138672,594.3956298828125,387.4482727050781,117.6722640991211
2025-03-24,219.56983947753906,203.25999450683594,616.92529296875,389.25048828125,121.38140106201172
2025-03-25,222.57398986816406,205.7100067138672,624.3621826171875,391.3102722167969,120.66156768798828
2025-03-26,220.3656463623047,201.1300048828125,609.079833984375,386.1708068847656,113.73320007324219
2025-03-27,222.67344665527344,201.36000061035156,600.7059326171875,386.77484130859375,111.40375518798828
2025-03-28,216.7547149658203,192.72000122070312,574.9462890625,375.1096496582031,109.6441650390625
2025-03-31,220.9624786376953,190.25999450683594,574.5674438476562,371.7328796386719,108.35446166992188
2025-04-01,222.0169219970703,192.1699981689453,584.177490234375,378.4666442871094,110.1240463256836
2025-04-02,222.71324157714844,196.00999450683594,582.1139526367188,378.4171142578125,110.39398193359375
2025-04-03,202.12203979492188,178.41000366210938,529.9666137695312,369.47503662109375,101.77601623535156
2025-04-04,187.389892578125,171.0,503.1602783203125,356.3343505859375,94.28778076171875
2025-04-07,180.50625610351562,175.25999450683594,514.6444091796875,354.3736572265625,97.61698913574219
2025-04-08,171.51376342773438,170.66000366210938,508.8624572753906,351.10577392578125,96.27731323242188
2025-04-09,197.8048553466797,191.10000610351562,583.9483032226562,386.68572998046875,114.30306243896484
2025-04-10,189.41915893554688,181.22000122070312,544.5910034179688,377.63482666015625,107.5446548461914
2025-04-11,197.1085205078125,184.8699951171875,541.8795166015625,384.6656188964844,110.90386199951172
2025-04-14,201.45555114746094,182.1199951171875,529.8270874023438,384.0318298339844,110.68391418457031
2025-04-15,201.07754516601562,179.58999633789062,519.8981323242188,381.97210693359375,112.1735610961914
2025-04-16,193.24893188476562,174.3300018310547,500.7477722167969,367.9896545410156,104.46538543701172
2025-04-17,195.9446563720703,172.61000061035156,499.9203796386719,364.197021484375,101.4660873413086
2025-04-21,192.14476013183594,167.32000732421875,483.1526794433594,355.6213684082031,96.88717651367188
2025-04-22,198.69017028808594,173.17999267578125,498.7240905761719,363.2463684082031,98.86670684814453
2025-04-23,203.5246124267578,180.60000610351562,518.6519775390625,370.7426452636719,102.68579864501953
2025-04-24,207.27479553222656,186.5399932861328,531.491943359375,383.5268249511719,106.4049301147461
2025-04-25,208.1800079345703,188.99000549316406,545.5679321289062,388.03253173828125,110.98385620117188
2025-04-28,209.0355224609375,187.6999969482422,548.0302124023438,387.3492126464844,108.70439147949219
2025-04-29,210.09988403320312,187.38999938964844,552.7156372070312,390.201171875,108.99431610107422
2025-04-30,211.3831024169922,184.4199981689453,547.2926025390625,391.4093017578125,108.89433288574219
2025-05-01,212.1988067626953,190.1999969482422,570.4304809570312,421.255615234375,111.58370208740234
2025-05-02,204.27069091796875,189.97999572753906,595.1632080078125,431.0393981933594,114.47303009033203
2025-05-05,197.84463500976562,186.35000610351562,597.4063110351562,431.92071533203125,113.7931900024414
2025-05-06,197.4666290283203,185.00999450683594,585.4833984375,429.0885925292969,113.51325988769531
2025-05-07,195.218505859375,188.7100067138672,594.9539184570312,429.12823486328125,117.03242492675781
2025-05-08,196.45199584960938,192.0800018310547,596.1502075195312,433.9012451171875,117.34235382080078
2025-05-09,197.48651123046875,193.05999755859375,590.6472778320312,434.4557800292969,116.62252044677734
2025-05-12,209.95704650878906,208.63999938964844,637.4413452148438,444.88323974609375,122.97103118896484
2025-05-13,212.08859252929688,211.3699951171875,653.98974609375,444.764404296875,129.89938354492188
2025-05-14,211.490966796875,210.25,657.3093872070312,448.5273742675781,135.30810546875
2025-05-15,210.6144256591797,205.1699981689453,641.8775024414062,449.5392761230469,134.79823303222656
2025-05-16,210.42518615722656,205.58999633789062,638.3485717773438,450.67022705078125,135.36810302734375
2025-05-19,207.9550018310547,206.16000366210938,638.438232421875,455.23382568359375,135.53805541992188
2025-05-20,206.04258728027344,204.07000732421875,635.1185913085938,454.53936767578125,134.34832763671875
2025-05-21,201.29141235351562,201.1199951171875,633.5235595703125,448.9837341308594,131.76895141601562
2025-05-22,200.5643310546875,203.10000610351562,634.5902099609375,451.25555419921875,132.7987060546875
2025-05-23,194.49839782714844,200.99000549316406,625.1098022460938,446.6126403808594,131.25906372070312
2025-05-27,199.4188690185547,206.02000427246094,640.3223876953125,457.03936767578125,135.4680633544922
2025-05-28,199.62802124023438,204.72000122070312,641.5784301757812,453.7357177734375,134.7782440185547
2025-05-29,199.15988159179688,205.6999969482422,643.0438842773438,455.0452880859375,139.15721130371094
2025-05-30,200.05633544921875,205.00999450683594,645.4762573242188,456.7119445800781,135.09817504882812
2025-06-02,200.90296936035156,206.64999389648438,668.8134765625,458.3092346191406,137.34764099121094
2025-06-03,202.46678161621094,205.7100067138672,664.7760620117188,459.3013000488281,141.1867218017578
2025-06-04,202.01853942871094,207.22999572753906,685.8104248046875,460.19415283203125,141.88656616210938
2025-06-05,199.8372039794922,207.91000366210938,682.49072265625,463.9739685058594,139.95703125
2025-06-06,203.11419677734375,213.57000732421875,695.5401611328125,466.6525573730469,141.6865997314453
2025-06-09,200.65396118164062,216.97999572753906,691.9014282226562,469.0038146972656,142.59640502929688
2025-06-10,201.86915588378906,217.61000061035156,700.2155151367188,467.1883239746094,143.92608642578125
2025-06-11,197.99452209472656,213.1999969482422,691.981201171875,468.8748474121094,142.80625915527344
2025-06-12,198.41285705566406,213.24000549316406,691.20361328125,475.0752868652344,144.9759063720703
2025-06-13,195.6737060546875,212.10000610351562,680.7462768554688,471.1962890625,141.94639587402344
2025-06-16,197.6359405517578,216.10000610351562,700.4749145507812,475.3431701660156,144.66595458984375
2025-06-17,194.86691284179688,214.82000732421875,695.5963134765625,474.25189208984375,144.09603881835938
2025-06-18,195.80320739746094,212.52000427246094,694.1398315429688,476.4344787597656,145.455810546875
2025-06-20,200.2057342529297,209.69000244140625,680.7511596679688,473.616943359375,143.8260955810547
2025-06-23,200.70376586914062,208.47000122070312,696.8933715820312,482.1488037109375,144.1460418701172
2025-06-24,199.5084991455078,212.77000427246094,710.5313720703125,486.2261962890625,147.87539672851562
2025-06-25,200.76351928710938,211.99000549316406,707.01953125,488.3691101074219,154.28436279296875
2025-06-26,200.2057342529297,217.1199951171875,724.3887329101562,493.50811767578125,154.99423217773438
2025-06-27,200.28541564941406,223.3000030517578,731.9111328125,492.0100402832031,157.72378540039062
2025-06-30,204.3592529296875,219.38999938964844,736.3606567382812,493.4683837890625,157.96376037597656
2025-07-01,206.99879455566406,220.4600067138672,717.5347900390625,488.1508483886719,153.2745361328125
2025-07-02,211.60055541992188,219.9199981689453,711.8980712890625,487.1984558105469,157.22386169433594
2025-07-03,212.70614624023438,223.41000366210938,717.3253173828125,494.8870544433594,159.3135223388672
2025-07-07,209.120361328125,223.47000122070312,716.6669311523438,493.77593994140625,158.21371459960938
2025-07-08,209.18014526367188,219.36000061035156,718.9814453125,492.68463134765625,159.97340393066406
2025-07-09,210.3056640625,222.5399932861328,731.0631103515625,499.5200500488281,162.85293579101562
2025-07-10,211.5706787109375,222.25999450683594,725.5360107421875,497.5061340332031,164.07273864746094
2025-07-11,210.3256072998047,225.02000427246094,715.828857421875,499.3315734863281,164.89259338378906
2025-07-14,207.79563903808594,225.69000244140625,719.2308349609375,499.0339050292969,164.04273986816406
2025-07-15,208.28369140625,226.35000610351562,708.7255859375,501.811767578125,170.671630859375
2025-07-16,209.3295440673828,223.19000244140625,701.2630004882812,501.6133117675781,171.34152221679688
2025-07-17,209.1901092529297,223.8800048828125,699.7665405273438,507.6451416015625,172.97125244140625
2025-07-18,210.34552001953125,226.1300048828125,702.6298828125,506.0082092285156,172.38134765625
2025-07-21,211.64036560058594,229.3000030517578,711.2994384765625,506.0181579589844,171.35153198242188
2025-07-22,213.5528106689453,227.47000122070312,703.1585693359375,501.2660827636719,167.00225830078125
2025-07-23,213.30377197265625,228.2899932861328,711.9080200195312,501.8613586425781,170.75161743164062
2025-07-24,212.91531372070312,232.22999572753906,713.1251831054688,506.8316650390625,173.7111358642578
2025-07-25,213.03485107421875,231.44000244140625,711.0101318359375,509.6392517089844,173.47117614746094
2025-07-28,213.2041778564453,232.7899932861328,715.9486083984375,508.4388122558594,176.7206268310547
2025-07-29,210.43515014648438,231.00999450683594,698.35986328125,508.50823974609375,175.48081970214844
2025-07-30,208.2239227294922,230.19000244140625,693.5811157226562,509.1729431152344,179.24021911621094
2025-07-31,206.74978637695312,234.11000061035156,771.6278076171875,529.2723999023438,177.84043884277344
2025-08-01,201.58029174804688,214.75,748.2527465820312,519.956787109375,173.69113159179688
2025-08-04,202.54647827148438,211.64999389648438,774.5509643554688,531.3954467773438,179.9700927734375
2025-08-05,202.11814880371094,213.75,761.6712036132812,523.5679321289062,178.23037719726562
2025-08-06,212.40733337402344,222.30999755859375,770.18115234375,520.7802124023438,179.3901824951172
2025-08-07,219.16053771972656,223.1300048828125,760.0450439453125,516.7127075195312,180.73997497558594
2025-08-08,228.4437255859375,222.69000244140625,767.4974975585938,517.9031982421875,182.66964721679688
2025-08-11,226.53909301757812,221.3000030517578,764.0755615234375,517.6353759765625,182.0297393798828
2025-08-12,229.00210571289062,221.47000122070312,788.1489868164062,525.046142578125,183.1295623779297
2025-08-13,232.6717529296875,224.55999755859375,778.2523193359375,516.454833984375,181.55982971191406
2025-08-14,232.12330627441406,230.97999572753906,780.2974243164062,518.3397216796875,181.98974609375
2025-08-15,230.93666076660156,231.02999877929688,783.3901977539062,516.0480346679688,180.42001342773438
2025-08-18,230.23863220214844,231.49000549316406,765.572021484375,513.0023803710938,181.979736328125
2025-08-19,229.90957641601562,228.00999450683594,749.7192993164062,505.73040771484375,175.61080932617188
2025-08-20,225.3723907470703,223.80999755859375,745.968017578125,501.7125549316406,175.370849609375
2025-08-21,224.26551818847656,221.9499969482422,737.3682250976562,501.0666198730469,174.95091247558594
2025-08-22,227.11744689941406,228.83999633789062,753.021484375,504.037841796875,177.96043395996094
2025-08-25,226.5191650390625,227.94000244140625,751.5349731445312,501.0865173339844,179.78012084960938
2025-08-26,228.6630859375,228.7100067138672,752.3331298828125,498.8804626464844,181.7397918701172
2025-08-27,229.8397674560547,229.1199951171875,745.62890625,503.5509033203125,181.56983947753906
2025-08-28,231.90391540527344,231.60000610351562,749.3501586914062,506.4326477050781,180.1400604248047
2025-08-29,231.485107421875,229.0,736.96923828125,503.501220703125,174.1510467529297
2025-09-02,229.07192993164062,225.33999633789062,733.3875732421875,501.9410705566406,170.75161743164062
2025-09-03,237.79725646972656,225.99000549316406,735.3230590820312,502.16961669921875,170.59165954589844
2025-09-04,239.1035614013672,235.67999267578125,746.8959350585938,504.7731628417969,171.63148498535156
2025-09-05,239.0137939453125,232.3300018310547,750.68701171875,491.8847961425781,166.9922637939453
2025-09-08,237.2089080810547,235.83999633789062,750.5372924804688,495.0646667480469,168.2820281982422
2025-09-09,233.68887329101562,238.24000549316406,763.9058837890625,495.2733154296875,170.7316131591797
2025-09-10,226.15020751953125,230.3300018310547,750.2180786132812,497.2209777832031,177.300537109375
2025-09-11,229.3810577392578,229.9499969482422,749.1406860351562,497.8569641113281,177.1505584716797
2025-09-12,233.40966796875,228.14999389648438,753.8196411132812,506.6910095214844,177.80047607421875
2025-09-15,236.03224182128906,231.42999267578125,762.9082641601562,512.1166381835938,177.73049926757812
2025-09-16,237.4781494140625,234.0500030517578,777.1747436523438,505.83642578125,174.86080932617188
2025-09-17,238.3157958984375,231.6199951171875,773.9024658203125,506.81024169921875,170.27130126953125
2025-09-18,237.2089080810547,231.22999572753906,778.421875,505.2501220703125,176.2206573486328
2025-09-19,244.80740356445312,231.47999572753906,776.5562133789062,514.6704711914062,176.6505889892578
2025-09-22,255.35755920410156,227.6300048828125,763.8824462890625,511.21240234375,183.58984375
2025-09-23,253.71221923828125,220.7100067138672,754.1387939453125,506.0252380371094,178.410400390625
2025-09-24,251.59820556640625,220.2100067138672,759.3899536132812,506.9394226074219,176.9505615234375
2025-09-25,256.1453552246094,218.14999389648438,747.6595458984375,503.8390808105469,177.67050170898438
2025-09-26,254.73931884765625,219.77999877929688,742.5081787109375,508.2411804199219,178.17044067382812
2025-09-29,253.71221923828125,222.1699981689453,742.1588134765625,511.3614196777344,181.83004760742188
2025-09-30,253.9116668701172,219.57000732421875,733.15380859375,514.6903686523438,186.55950927734375
2025-10-01,254.72935485839844,220.6300048828125,716.142333984375,516.4392700195312,187.21945190429688
2025-10-02,256.40460205078125,222.41000366210938,725.8360595703125,512.4942626953125,188.8692626953125
2025-10-03,257.2920837402344,219.50999450683594,709.3735961914062,514.0940551757812,187.5994110107422
2025-10-06,255.96585083007812,220.89999389648438,714.465087890625,525.2435302734375,185.51962280273438
2025-10-07,255.75643920898438,221.77999877929688,711.889404296875,520.682373046875,185.01968383789062
2025-10-08,257.3320007324219,225.22000122070312,716.6414794921875,521.5469360351562,189.0892333984375
2025-10-09,253.3233184814453,227.74000549316406,732.2852783203125,519.1123657226562,192.54885864257812
2025-10-10,244.57806396484375,216.3699951171875,704.1223754882812,507.74432373046875,183.139892578125
2025-10-13,246.96131896972656,220.07000732421875,714.5050048828125,510.8149108886719,188.29933166503906
2025-10-14,247.07101440429688,216.38999938964844,707.4668579101562,510.337890625,180.01022338867188
2025-10-15,248.63658142089844,215.57000732421875,716.3519287109375,510.1988220214844,179.8102569580078
2025-10-16,246.75192260742188,214.47000122070312,710.881103515625,508.3902282714844,181.7900390625
2025-10-17,251.5782470703125,213.0399932861328,715.7229614257812,510.3478698730469,183.19989013671875
2025-10-20,261.50018310546875,216.47999572753906,730.947509765625,513.5376586914062,182.6199493408203
2025-10-21,262.0287170410156,222.02999877929688,732.0457153320312,514.4021606445312,181.14010620117188
2025-10-22,257.72088623046875,217.9499969482422,732.1854248046875,517.2639770507812,180.2602081298828
2025-10-23,258.8476867675781,221.08999633789062,732.7744750976562,517.283935546875,182.13999938964844
2025-10-24,262.07855224609375,224.2100067138672,737.1271362304688,520.3147583007812,186.23953247070312
2025-10-27,268.0516662597656,226.97000122070312,749.56640625,528.1749877929688,191.46897888183594
2025-10-28,268.2411193847656,229.25,750.1853637695312,538.6585083007812,201.0079345703125
2025-10-29,268.93914794921875,230.3000030517578,750.4149780273438,538.1417846679688,207.01727294921875
2025-10-30,270.63433837890625,222.86000061035156,665.357177734375,522.4512329101562,202.8677215576172
2025-10-31,269.6072692871094,244.22000122070312,647.2674560546875,514.5512084960938,202.4677734375
2025-11-03,268.29095458984375,254.0,636.645263671875,513.776123046875,206.85728454589844
2025-11-04,269.2781982421875,249.32000732421875,626.2725830078125,511.0931091308594,198.66818237304688
2025-11-05,269.3779296875,250.1999969482422,634.88818359375,503.96826171875,195.18858337402344
2025-11-06,269.0089416503906,243.0399932861328,617.9065551757812,493.9715576171875,188.05935668945312
2025-11-07,267.7126159667969,244.41000366210938,620.6719360351562,493.6933288574219,188.1293487548828
2025-11-10,268.93035888671875,248.39999389648438,630.7051391601562,502.8155822753906,199.0281524658203
2025-11-11,274.73956298828125,249.10000610351562,626.0330200195312,505.4786682128906,193.1387939453125
2025-11-12,272.9628601074219,244.1999969482422,607.9931640625,507.9231872558594,193.7787322998047
2025-11-13,272.44384765625,237.5800018310547,608.8717041015625,500.12261962890625,186.8394775390625
2025-11-14,271.9048156738281,234.69000244140625,608.4424438476562,506.96923828125,190.14910888671875
2025-11-17,266.9639892578125,232.8699951171875,601.0048217773438,504.2961730957031,186.5795135498047
2025-11-18,266.9440612792969,222.5500030517578,596.6920776367188,490.6824035644531,181.340087890625
2025-11-19,268.06195068359375,222.69000244140625,589.3343505859375,484.05438232421875,186.49952697753906
2025-11-20,265.7562561035156,217.13999938964844,588.1663818359375,476.3088684082031,180.6201629638672
2025-11-21,270.98651123046875,220.69000244140625,593.2578125,470.0268249511719,178.86036682128906
2025-11-24,275.4083251953125,226.27999877929688,612.0264282226562,471.8985290527344,182.52996826171875
2025-11-25,276.4563903808594,229.6699981689453,635.15771484375,474.8752136230469,177.80047607421875
2025-11-26,277.0352783203125,229.16000366210938,632.5521240234375,483.3475036621094,180.24020385742188
2025-11-28,278.3328857421875,233.22000122070312,646.8681640625,489.82867431640625,176.98056030273438
2025-12-01,282.57501220703125,233.8800048828125,639.7999877929688,484.5820007324219,179.90025329589844
2025-12-02,285.6592712402344,234.4199981689453,646.01953125,487.82757568359375,181.44007873535156
2025-12-03,283.623046875,232.3800048828125,638.5321044921875,475.6119689941406,179.57028198242188
2025-12-04,280.179443359375,229.11000061035156,660.4254760742188,478.7081604003906,183.37008666992188
2025-12-05,278.26300048828125,229.52999877929688,672.2955932617188,481.01788330078125,182.40013122558594
2025-12-08,277.3746643066406,226.88999938964844,665.6866455078125,488.8430480957031,185.5399627685547
2025-12-09,276.66595458984375,227.9199981689453,655.8630981445312,489.8385925292969,184.95999145507812
2025-12-10,278.26300048828125,231.77999877929688,649.0444946289062,476.4382629394531,183.77005004882812
2025-12-11,277.514404296875,230.27999877929688,651.6202392578125,481.3265075683594,180.92019653320312
2025-12-12,277.7639465332031,226.19000244140625,643.1543579101562,476.4084167480469,175.01052856445312
2025-12-15,273.6016540527344,222.5399932861328,646.9561157226562,472.7148742675781,176.28045654296875
2025-12-16,274.1007385253906,222.55999755859375,656.587890625,474.2779235839844,177.71038818359375
2025-12-17,271.33587646484375,221.27000427246094,648.9443969726562,474.00909423828125,170.93075561523438
2025-12-18,271.68524169921875,226.75999450683594,663.881591796875,481.8342590332031,174.1305694580078
2025-12-19,273.1625061035156,227.35000610351562,658.2064819335938,483.7656555175781,180.98020935058594
2025-12-22,270.4674987792969,228.42999267578125,660.9341430664062,482.7701110839844,183.6800537109375
2025-12-23,271.85491943359375,232.13999938964844,664.3711547851562,484.6915588378906,189.19976806640625
2025-12-24,273.3022155761719,232.3800048828125,666.9789428710938,485.8563232421875,188.59979248046875
2025-12-26,272.8929748535156,232.52000427246094,662.7225952148438,485.5477294921875,190.51968383789062
2025-12-29,273.2523498535156,232.07000732421875,658.1265258789062,484.9404296875,188.20980834960938
2025-12-30,272.5735778808594,232.52999877929688,665.3803100585938,485.3187561035156,187.52984619140625
2025-12-31,271.3558349609375,230.82000732421875,659.5253295898438,481.4758605957031,186.4899139404297
2026-01-02,270.5074157714844,226.5,649.8535766601562,470.84320068359375,188.83978271484375
2026-01-05,266.7643737792969,233.05999755859375,658.2264404296875,470.75360107421875,188.1098175048828
2026-01-06,261.8734436035156,240.92999267578125,660.0548706054688,476.3885192871094,187.22987365722656
2026-01-07,259.8471984863281,241.55999755859375,648.1350708007812,481.3265075683594,189.09976196289062
2026-01-08,258.55963134765625,246.2899932861328,645.50732421875,475.9902648925781,185.0299835205078
2026-01-09,258.8890075683594,247.3800048828125,652.5013427734375,477.15509033203125,184.84999084472656
2026-01-12,259.76739501953125,246.47000122070312,641.4207763671875,475.06439208984375,184.92999267578125
2026-01-13,260.5658874511719,242.60000610351562,630.5501708984375,468.5832824707031,185.79994201660156
2026-01-14,259.4779052734375,236.64999389648438,614.9934692382812,457.3433532714844,183.1300811767578
2026-01-15,257.73114013671875,238.17999267578125,620.2689208984375,454.6354064941406,187.03988647460938
2026-01-16,255.05613708496094,239.1199951171875,619.7194213867188,457.8211975097656,186.21990966796875
2026-01-20,246.2425079345703,231.0,603.6032104492188,452.5048522949219,178.06036376953125
2026-01-21,247.1907501220703,231.30999755859375,612.4356689453125,442.1409912109375,183.31008911132812
2026-01-22,247.8894500732422,234.33999633789062,647.0759887695312,449.1398620605469,184.82998657226562
2026-01-23,247.58001708984375,239.16000366210938,658.1964721679688,463.8841857910156,187.6598358154297
2026-01-26,254.9363555908203,238.4199981689453,671.7847900390625,468.1949768066406,186.4599151611328
2026-01-27,257.791015625,244.67999267578125,672.394287109375,478.4493408203125,188.50979614257812
2026-01-28,255.96446228027344,243.00999450683594,668.1578979492188,479.4946594238281,191.5096435546875
2026-01-29,257.801025390625,241.72999572753906,737.6784057617188,431.57806396484375,192.49957275390625
2026-01-30,258.9988098144531,239.3000030517578,715.8870849609375,428.3822937011719,191.11965942382812
2026-02-02,269.5093078613281,242.9600067138672,705.8056640625,421.49298095703125,185.59996032714844
2026-02-03,268.98028564453125,238.6199951171875,691.1082763671875,409.3868713378906,180.33023071289062
2026-02-04,275.97723388671875,232.99000549316406,668.417724609375,412.35369873046875,174.18057250976562
2026-02-05,275.3983459472656,222.69000244140625,669.63671875,391.9246520996094,171.87069702148438
2026-02-06,277.6042175292969,210.32000732421875,660.8941650390625,399.3615417480469,185.39996337890625
2026-02-09,274.3672180175781,208.72000122070312,676.640625,411.76629638671875,190.0297088623047
2026-02-10,273.4280700683594,206.9600067138672,670.1461791992188,411.437744140625,188.52978515625
2026-02-11,275.24639892578125,204.0800018310547,668.1179809570312,402.5771789550781,190.0397186279297
2026-02-12,261.4891052246094,199.60000610351562,649.254150390625,400.05841064453125,186.9298858642578
2026-02-13,255.5445556640625,198.7899932861328,639.2227172851562,399.5407409667969,182.80010986328125
2026-02-17,263.6371154785156,201.14999389648438,638.7431030273438,395.1004943847656,184.95999145507812
2026-02-18,264.106689453125,204.7899932861328,642.6697387695312,397.8283386230469,187.96981811523438
2026-02-19,260.3401184082031,204.86000061035156,644.2284545898438,397.5988464355469,187.88983154296875
2026-02-20,264.3364562988281,210.11000061035156,655.09912109375,396.37152099609375,189.8097381591797
2026-02-23,265.9349670410156,205.27000427246094,636.7048950195312,383.6390686035156,191.53964233398438
2026-02-24,271.8895263671875,208.55999755859375,638.7531127929688,388.1593017578125,192.83956909179688
2026-02-25,273.97760009765625,210.63999938964844,653.1307983398438,399.7342224121094,195.54940795898438
2026-02-26,272.6987609863281,207.9199981689453,656.447998046875,400.851806640625,184.87998962402344
2026-02-27,263.93682861328125,210.0,647.62548828125,391.8912048339844,177.180419921875
2026-03-02,264.476318359375,208.38999938964844,653.0009155273438,397.6886291503906,182.47012329101562
2026-03-03,263.5072326660156,208.72999572753906,654.5196533203125,403.0570068359375,180.04025268554688
2026-03-04,262.2783508300781,216.82000732421875,667.1587524414062,404.32427978515625,183.03009033203125
2026-03-05,260.0504150390625,218.94000244140625,660.0049438476562,409.79241943359375,183.330078125
2026-03-06,257.2229919433594,213.2100067138672,644.308349609375,408.0761413574219,177.8103790283203
2026-03-09,259.6407775878906,213.49000549316406,646.836181640625,408.5251770019531,182.64010620117188
2026-03-10,260.58990478515625,214.3300018310547,653.510498046875,404.8830871582031,184.760009765625
2026-03-11,260.5699157714844,212.64999389648438,654.2998046875,404.0049743652344,186.02999877929688
2026-03-12,255.52456665039062,209.52999877929688,637.6340942382812,400.9914855957031,183.13999938964844
2026-03-13,249.8897705078125,207.6699981689453,613.1849975585938,394.69512939453125,180.25
2026-03-16,252.58729553222656,211.74000549316406,627.4500122070312,399.08563232421875,183.22000122070312
2026-03-17,253.99598693847656,215.1999969482422,622.6599731445312,398.5467834472656,181.92999267578125
2026-03-18,249.70994567871094,209.8699951171875,615.6799926757812,390.9432678222656,180.39999389648438
2026-03-19,248.73085021972656,208.75999450683594,606.7000122070312,388.1792297363281,178.55999755859375
2026-03-20,247.76173400878906,205.3699951171875,593.6599731445312,381.0447082519531,172.6999969482422
2026-03-23,251.25851440429688,210.13999938964844,604.0599975585938,382.1722717285156,175.63999938964844
2026-03-24,251.4083709716797,207.24000549316406,592.9199829101562,371.9344177246094,175.1999969482422
2026-03-25,252.38746643066406,211.7100067138672,594.8900146484375,370.2381286621094,178.67999267578125
2026-03-26,252.6572265625,207.5399932861328,547.5399780273438,365.1790771484375,171.24000549316406
2026-03-27,248.57098388671875,199.33999633789062,525.719970703125,355.9989318847656,167.52000427246094
2026-03-30,246.40298461914062,200.9499969482422,536.3800048828125,358.1842041015625,165.1699981689453
2026-03-31,253.55638122558594,208.27000427246094,572.1300048828125,369.3699951171875,174.39999389648438
2026-04-01,255.3946990966797,210.57000732421875,579.22998046875,368.57171630859375,175.75
2026-04-02,255.68443298339844,209.77000427246094,574.4600219726562,372.6528625488281,177.38999938964844
2026-04-06,258.6217041015625,212.7899932861328,573.02001953125,372.0741271972656,177.63999938964844
2026-04-07,253.26666259765625,213.77000427246094,575.0499877929688,371.48541259765625,178.10000610351562
2026-04-08,258.66168212890625,221.25,612.4199829101562,373.52099609375,182.0800018310547
2026-04-09,260.2502136230469,233.64999389648438,628.3900146484375,372.26373291015625,183.91000366210938
2026-04-10,260.240234375,238.3800048828125,629.8599853515625,370.0684814453125,188.6300048828125
2026-04-13,258.96142578125,239.88999938964844,634.530029296875,383.539306640625,189.30999755859375
2026-04-14,258.59173583984375,249.02000427246094,662.489990234375,392.2604064941406,196.50999450683594
2026-04-15,266.18475341796875,248.5,671.5800170898438,410.3312683105469,198.8699951171875
2026-04-16,263.15753173828125,249.6999969482422,676.8699951171875,419.35174560546875,198.35000610351562
2026-04-17,269.98126220703125,250.55999755859375,688.5499877929688,421.87628173828125,201.67999267578125
2026-04-20,272.79864501953125,248.27999877929688,670.9099731445312,417.1664733886719,202.05999755859375
2026-04-21,265.9250183105469,249.91000366210938,668.8400268554688,423.2433166503906,199.8800048828125
2026-04-22,272.9185791015625,255.36000061035156,674.719970703125,431.984375,202.5
2026-04-23,273.1783142089844,255.0800018310547,659.1500244140625,414.8514709472656,199.63999938964844
2026-04-24,270.81048583984375,263.989990234375,675.030029296875,423.7023010253906,208.27000427246094
2026-04-27,267.3636474609375,261.1199951171875,678.6199951171875,423.9018859863281,216.61000061035156
2026-04-28,270.4608154296875,259.70001220703125,671.3400268554688,428.3222961425781,213.1699981689453
2026-04-29,269.92132568359375,263.0400085449219,669.1199951171875,423.5426330566406,209.25
2026-04-30,271.1002502441406,265.05999755859375,611.9099731445312,406.8987121582031,199.57000732421875
